order_id,order_date,product_id,product_name,category,quantity,unit_price,customer_id,city
1001,2026-01-05,P001,Wireless Mouse,Electronics,2,499,C101,Mumbai
1002,2026-01-06,P002,Bluetooth Headphones,Electronics,1,1299,C102,Delhi
1003,2026-01-07,P003,Yoga Mat,Fitness,1,799,C103,Pune
1004,2026-01-08,P004,Running Shoes,Fitness,1,2499,C104,Bangalore
1005,2026-01-10,P001,Wireless Mouse,Electronics,3,499,C105,Chennai
1006,2026-01-12,P005,Cotton T-Shirt,Clothing,4,399,C106,Mumbai
1007,2026-01-15,P002,Bluetooth Headphones,Electronics,2,1299,C107,Delhi
1008,2026-02-02,P006,Kitchen Blender,Home,1,1999,C108,Pune
1009,2026-02-04,P003,Yoga Mat,Fitness,2,799,C109,Bangalore
1010,2026-02-06,P007,Study Table,Furniture,1,3499,C110,Chennai
1011,2026-02-09,P001,Wireless Mouse,Electronics,1,499,C111,Mumbai
1012,2026-02-11,P008,Formal Shirt,Clothing,3,899,C112,Delhi
1013,2026-02-14,P004,Running Shoes,Fitness,2,2499,C113,Pune
1014,2026-02-18,P005,Cotton T-Shirt,Clothing,2,399,C114,Bangalore
1015,2026-03-01,P002,Bluetooth Headphones,Electronics,1,1299,C115,Chennai
1016,2026-03-03,P006,Kitchen Blender,Home,2,1999,C116,Mumbai
1017,2026-03-06,P009,Office Chair,Furniture,1,4999,C117,Delhi
1018,2026-03-09,P001,Wireless Mouse,Electronics,5,499,C118,Pune
1019,2026-03-12,P003,Yoga Mat,Fitness,1,799,C119,Bangalore
1020,2026-03-15,P010,Backpack,Fashion,2,1499,C120,Chennai
